{
  "id": "ccb6a347-9352-4623-95e8-a48fe127df59",
  "revision": 0,
  "last_node_id": 36,
  "last_link_id": 70,
  "nodes": [
    {
      "id": 6,
      "type": "LayerMask: LoadBiRefNetModelV2",
      "pos": [
        17948.01171875,
        1390.2515869140625
      ],
      "size": [
        529.199951171875,
        58
      ],
      "flags": {},
      "order": 0,
      "mode": 0,
      "inputs": [],
      "outputs": [
        {
          "label": "birefnet_model",
          "name": "birefnet_model",
          "type": "BIREFNET_MODEL",
          "links": [
            3
          ]
        }
      ],
      "properties": {
        "cnr_id": "ComfyUI_LayerStyle_Advance",
        "ver": "fe35b54bd2781206994176f8913db4afabffcdb1",
        "Node name for S&R": "LayerMask: LoadBiRefNetModelV2",
        "widget_ue_connectable": {}
      },
      "widgets_values": [
        "BiRefNet-General"
      ],
      "color": "rgba(27, 80, 119, 0.7)"
    },
    {
      "id": 5,
      "type": "LayerMask: BiRefNetUltraV2",
      "pos": [
        18606.93359375,
        1065.843505859375
      ],
      "size": [
        466.1999816894531,
        246
      ],
      "flags": {},
      "order": 18,
      "mode": 0,
      "inputs": [
        {
          "label": "image",
          "name": "image",
          "type": "IMAGE",
          "link": 4
        },
        {
          "label": "birefnet_model",
          "name": "birefnet_model",
          "type": "BIREFNET_MODEL",
          "link": 3
        }
      ],
      "outputs": [
        {
          "label": "image",
          "name": "image",
          "type": "IMAGE",
          "links": [
            5,
            7
          ]
        },
        {
          "label": "mask",
          "name": "mask",
          "type": "MASK",
          "links": null
        }
      ],
      "properties": {
        "cnr_id": "ComfyUI_LayerStyle_Advance",
        "ver": "fe35b54bd2781206994176f8913db4afabffcdb1",
        "Node name for S&R": "LayerMask: BiRefNetUltraV2",
        "widget_ue_connectable": {}
      },
      "widgets_values": [
        "VITMatte",
        4,
        2,
        0.01,
        0.99,
        false,
        "cuda",
        2
      ],
      "color": "rgba(27, 80, 119, 0.7)"
    },
    {
      "id": 7,
      "type": "PreviewImage",
      "pos": [
        19162.9765625,
        1076.5906982421875
      ],
      "size": [
        210,
        246
      ],
      "flags": {},
      "order": 19,
      "mode": 0,
      "inputs": [
        {
          "label": "images",
          "name": "images",
          "type": "IMAGE",
          "link": 5
        }
      ],
      "outputs": [],
      "properties": {
        "cnr_id": "comfy-core",
        "ver": "0.3.30",
        "Node name for S&R": "PreviewImage",
        "widget_ue_connectable": {}
      },
      "widgets_values": []
    },
    {
      "id": 14,
      "type": "LoadLBMModel",
      "pos": [
        20404.072265625,
        1251.7412109375
      ],
      "size": [
        315,
        106
      ],
      "flags": {},
      "order": 1,
      "mode": 0,
      "inputs": [],
      "outputs": [
        {
          "label": "model",
          "name": "model",
          "type": "LBM_MODEL",
          "links": [
            13
          ]
        }
      ],
      "properties": {
        "aux_id": "kijai/ComfyUI-LBMWrapper",
        "Node name for S&R": "LoadLBMModel",
        "ver": "6bda0e7c6910033f2efc124131422fae568965db",
        "widget_ue_connectable": {}
      },
      "widgets_values": [
        "LBM_relighting.safetensors",
        "bf16",
        "main_device"
      ]
    },
    {
      "id": 16,
      "type": "Anything Everywhere",
      "pos": [
        19579.654296875,
        1931.1441650390625
      ],
      "size": [
        239.40000915527344,
        26
      ],
      "flags": {
        "collapsed": true
      },
      "order": 22,
      "mode": 0,
      "inputs": [
        {
          "color_on": "#64B5F6",
          "label": "anything",
          "name": "anything",
          "shape": 7,
          "type": "*",
          "link": 16
        }
      ],
      "outputs": [],
      "properties": {
        "cnr_id": "cg-use-everywhere",
        "ver": "6.0.2",
        "Node name for S&R": "Anything Everywhere",
        "group_restricted": 0,
        "color_restricted": 0,
        "widget_ue_connectable": {}
      },
      "widgets_values": []
    },
    {
      "id": 21,
      "type": "DownloadAndLoadFlorence2Model",
      "pos": [
        17546.390625,
        2212.267822265625
      ],
      "size": [
        365.4000244140625,
        106
      ],
      "flags": {},
      "order": 2,
      "mode": 0,
      "inputs": [
        {
          "label": "lora",
          "name": "lora",
          "shape": 7,
          "type": "PEFTLORA",
          "link": null
        }
      ],
      "outputs": [
        {
          "label": "florence2_model",
          "name": "florence2_model",
          "type": "FL2MODEL",
          "links": [
            17
          ]
        }
      ],
      "properties": {
        "cnr_id": "comfyui-florence2",
        "ver": "1.0.3",
        "Node name for S&R": "DownloadAndLoadFlorence2Model",
        "widget_ue_connectable": {}
      },
      "widgets_values": [
        "microsoft/Florence-2-base",
        "fp16",
        "eager"
      ]
    },
    {
      "id": 20,
      "type": "Florence2Run",
      "pos": [
        17987.46875,
        2106.072021484375
      ],
      "size": [
        400,
        364
      ],
      "flags": {},
      "order": 25,
      "mode": 0,
      "inputs": [
        {
          "label": "image",
          "name": "image",
          "type": "IMAGE",
          "link": 68
        },
        {
          "label": "florence2_model",
          "name": "florence2_model",
          "type": "FL2MODEL",
          "link": 17
        }
      ],
      "outputs": [
        {
          "label": "image",
          "name": "image",
          "type": "IMAGE",
          "links": null
        },
        {
          "label": "mask",
          "name": "mask",
          "type": "MASK",
          "links": null
        },
        {
          "label": "caption",
          "name": "caption",
          "type": "STRING",
          "links": [
            18
          ]
        },
        {
          "label": "data",
          "name": "data",
          "type": "JSON",
          "links": null
        }
      ],
      "properties": {
        "cnr_id": "comfyui-florence2",
        "ver": "1.0.3",
        "Node name for S&R": "Florence2Run",
        "widget_ue_connectable": {}
      },
      "widgets_values": [
        "",
        "more_detailed_caption",
        true,
        false,
        1024,
        3,
        true,
        "",
        1,
        "fixed"
      ]
    },
    {
      "id": 19,
      "type": "CLIPTextEncode",
      "pos": [
        19244.00390625,
        2434.7021484375
      ],
      "size": [
        400,
        200
      ],
      "flags": {},
      "order": 13,
      "mode": 0,
      "inputs": [
        {
          "label": "clip",
          "name": "clip",
          "type": "CLIP",
          "link": 21
        }
      ],
      "outputs": [
        {
          "label": "CONDITIONING",
          "name": "CONDITIONING",
          "type": "CONDITIONING",
          "links": [
            23
          ]
        }
      ],
      "title": "Positive",
      "properties": {
        "cnr_id": "comfy-core",
        "ver": "0.3.30",
        "Node name for S&R": "CLIPTextEncode",
        "widget_ue_connectable": {}
      },
      "widgets_values": [
        "worst quality, normal quality, low quality, low res, blurry, text, watermark, logo, banner, extra digits, cropped, jpeg artifacts, signature, username, error, sketch, duplicate, ugly, monochrome, horror, geometry, mutation, disgusting"
      ],
      "color": "#322",
      "bgcolor": "#533"
    },
    {
      "id": 17,
      "type": "CheckpointLoaderSimple",
      "pos": [
        18809.841796875,
        2249.3876953125
      ],
      "size": [
        315,
        98
      ],
      "flags": {},
      "order": 3,
      "mode": 0,
      "inputs": [],
      "outputs": [
        {
          "label": "MODEL",
          "name": "MODEL",
          "type": "MODEL",
          "links": [
            30
          ]
        },
        {
          "label": "CLIP",
          "name": "CLIP",
          "type": "CLIP",
          "links": [
            20,
            21
          ]
        },
        {
          "label": "VAE",
          "name": "VAE",
          "type": "VAE",
          "links": [
            24
          ]
        }
      ],
      "properties": {
        "cnr_id": "comfy-core",
        "ver": "0.3.30",
        "Node name for S&R": "CheckpointLoaderSimple",
        "widget_ue_connectable": {}
      },
      "widgets_values": [
        "epicphotogasm_ultimateFidelity.safetensors"
      ]
    },
    {
      "id": 28,
      "type": "LoadAndApplyICLightUnet",
      "pos": [
        19852.2109375,
        2172.078369140625
      ],
      "size": [
        315,
        58
      ],
      "flags": {},
      "order": 11,
      "mode": 0,
      "inputs": [
        {
          "label": "model",
          "name": "model",
          "type": "MODEL",
          "link": 30
        }
      ],
      "outputs": [
        {
          "label": "MODEL",
          "name": "MODEL",
          "type": "MODEL",
          "links": [
            31
          ]
        }
      ],
      "properties": {
        "cnr_id": "comfyui-ic-light",
        "ver": "1.0.3",
        "Node name for S&R": "LoadAndApplyICLightUnet",
        "widget_ue_connectable": {}
      },
      "widgets_values": [
        "IC-Light/iclight_sd15_fc.safetensors"
      ]
    },
    {
      "id": 24,
      "type": "Reroute",
      "pos": [
        19445.994140625,
        2086.69384765625
      ],
      "size": [
        75,
        26
      ],
      "flags": {},
      "order": 14,
      "mode": 0,
      "inputs": [
        {
          "label": "",
          "name": "",
          "type": "*",
          "link": 24
        }
      ],
      "outputs": [
        {
          "label": "",
          "name": "",
          "type": "VAE",
          "links": [
            25,
            26,
            34
          ]
        }
      ],
      "properties": {
        "showOutputText": false,
        "horizontal": false,
        "widget_ue_connectable": {}
      }
    },
    {
      "id": 23,
      "type": "ICLightConditioning",
      "pos": [
        19899.232421875,
        2313.442138671875
      ],
      "size": [
        342.5999755859375,
        138
      ],
      "flags": {},
      "order": 27,
      "mode": 0,
      "inputs": [
        {
          "label": "positive",
          "name": "positive",
          "type": "CONDITIONING",
          "link": 22
        },
        {
          "label": "negative",
          "name": "negative",
          "type": "CONDITIONING",
          "link": 23
        },
        {
          "label": "vae",
          "name": "vae",
          "type": "VAE",
          "link": 25
        },
        {
          "label": "foreground",
          "name": "foreground",
          "type": "LATENT",
          "link": 27
        },
        {
          "label": "opt_background",
          "name": "opt_background",
          "shape": 7,
          "type": "LATENT",
          "link": null
        }
      ],
      "outputs": [
        {
          "label": "positive",
          "name": "positive",
          "type": "CONDITIONING",
          "links": [
            28
          ]
        },
        {
          "label": "negative",
          "name": "negative",
          "type": "CONDITIONING",
          "links": [
            29
          ]
        },
        {
          "label": "empty_latent",
          "name": "empty_latent",
          "type": "LATENT",
          "links": [
            32
          ]
        }
      ],
      "properties": {
        "cnr_id": "comfyui-ic-light",
        "ver": "1.0.3",
        "Node name for S&R": "ICLightConditioning",
        "widget_ue_connectable": {}
      },
      "widgets_values": [
        0.18215
      ]
    },
    {
      "id": 25,
      "type": "VAEEncode",
      "pos": [
        19668.771484375,
        2379.174560546875
      ],
      "size": [
        210,
        46
      ],
      "flags": {
        "collapsed": false
      },
      "order": 28,
      "mode": 0,
      "inputs": [
        {
          "label": "pixels",
          "name": "pixels",
          "type": "IMAGE",
          "link": 69
        },
        {
          "label": "vae",
          "name": "vae",
          "type": "VAE",
          "link": 26
        }
      ],
      "outputs": [
        {
          "label": "LATENT",
          "name": "LATENT",
          "type": "LATENT",
          "links": [
            27
          ]
        }
      ],
      "properties": {
        "cnr_id": "comfy-core",
        "ver": "0.3.30",
        "Node name for S&R": "VAEEncode",
        "widget_ue_connectable": {}
      },
      "widgets_values": []
    },
    {
      "id": 30,
      "type": "VAEDecode",
      "pos": [
        20645.810546875,
        2298.99951171875
      ],
      "size": [
        210,
        46
      ],
      "flags": {
        "collapsed": false
      },
      "order": 31,
      "mode": 0,
      "inputs": [
        {
          "label": "samples",
          "name": "samples",
          "type": "LATENT",
          "link": 33
        },
        {
          "label": "vae",
          "name": "vae",
          "type": "VAE",
          "link": 35
        }
      ],
      "outputs": [
        {
          "label": "IMAGE",
          "name": "IMAGE",
          "type": "IMAGE",
          "links": [
            36,
            41
          ]
        }
      ],
      "properties": {
        "cnr_id": "comfy-core",
        "ver": "0.3.30",
        "Node name for S&R": "VAEDecode",
        "widget_ue_connectable": {}
      },
      "widgets_values": []
    },
    {
      "id": 31,
      "type": "Reroute",
      "pos": [
        20531.494140625,
        2088.0458984375
      ],
      "size": [
        75,
        26
      ],
      "flags": {},
      "order": 17,
      "mode": 0,
      "inputs": [
        {
          "label": "",
          "name": "",
          "type": "*",
          "link": 34
        }
      ],
      "outputs": [
        {
          "label": "",
          "name": "",
          "type": "VAE",
          "links": [
            35
          ]
        }
      ],
      "properties": {
        "showOutputText": false,
        "horizontal": false,
        "widget_ue_connectable": {}
      }
    },
    {
      "id": 27,
      "type": "KSampler",
      "pos": [
        20288.81640625,
        2292.732421875
      ],
      "size": [
        315,
        262
      ],
      "flags": {},
      "order": 29,
      "mode": 0,
      "inputs": [
        {
          "label": "model",
          "name": "model",
          "type": "MODEL",
          "link": 31
        },
        {
          "label": "positive",
          "name": "positive",
          "type": "CONDITIONING",
          "link": 28
        },
        {
          "label": "negative",
          "name": "negative",
          "type": "CONDITIONING",
          "link": 29
        },
        {
          "label": "latent_image",
          "name": "latent_image",
          "type": "LATENT",
          "link": 32
        }
      ],
      "outputs": [
        {
          "label": "LATENT",
          "name": "LATENT",
          "type": "LATENT",
          "links": [
            33
          ]
        }
      ],
      "properties": {
        "cnr_id": "comfy-core",
        "ver": "0.3.30",
        "Node name for S&R": "KSampler",
        "widget_ue_connectable": {}
      },
      "widgets_values": [
        87977990865364,
        "fixed",
        40,
        3,
        "dpmpp_2m_sde",
        "karras",
        1
      ]
    },
    {
      "id": 29,
      "type": "Image Comparer (rgthree)",
      "pos": [
        20922.263671875,
        2158.407470703125
      ],
      "size": [
        731.8247680664062,
        513.2720947265625
      ],
      "flags": {},
      "order": 30,
      "mode": 0,
      "inputs": [
        {
          "dir": 3,
          "label": "image_a",
          "name": "image_a",
          "type": "IMAGE",
          "link": 36
        },
        {
          "dir": 3,
          "label": "image_b",
          "name": "image_b",
          "type": "IMAGE",
          "link": 70
        }
      ],
      "outputs": [],
      "properties": {
        "cnr_id": "rgthree-comfy",
        "ver": "5dc53323e07a021038af9f2a4a06ebc071f7218c",
        "comparer_mode": "Slide",
        "widget_ue_connectable": {}
      },
      "widgets_values": [
        [
          {
            "name": "A",
            "selected": true,
            "url": "/api/view?filename=rgthree.compare._temp_julsf_00009_.png&type=temp&subfolder=&rand=0.5485082286639457"
          },
          {
            "name": "B",
            "selected": true,
            "url": "/api/view?filename=rgthree.compare._temp_julsf_00010_.png&type=temp&subfolder=&rand=0.4793562085304037"
          }
        ]
      ]
    },
    {
      "id": 33,
      "type": "PreviewImage",
      "pos": [
        21769.955078125,
        1749.9549560546875
      ],
      "size": [
        2911.111083984375,
        925.5555419921875
      ],
      "flags": {},
      "order": 33,
      "mode": 0,
      "inputs": [
        {
          "label": "images",
          "name": "images",
          "type": "IMAGE",
          "link": 42
        }
      ],
      "outputs": [],
      "properties": {
        "cnr_id": "comfy-core",
        "ver": "0.3.30",
        "Node name for S&R": "PreviewImage",
        "widget_ue_connectable": {}
      },
      "widgets_values": []
    },
    {
      "id": 32,
      "type": "ImageConcanate",
      "pos": [
        21744.314453125,
        1447.76611328125
      ],
      "size": [
        315,
        102
      ],
      "flags": {},
      "order": 32,
      "mode": 0,
      "inputs": [
        {
          "label": "image1",
          "name": "image1",
          "type": "IMAGE",
          "link": 40
        },
        {
          "label": "image2",
          "name": "image2",
          "type": "IMAGE",
          "link": 41
        }
      ],
      "outputs": [
        {
          "label": "IMAGE",
          "name": "IMAGE",
          "type": "IMAGE",
          "links": [
            42
          ]
        }
      ],
      "properties": {
        "cnr_id": "comfyui-kjnodes",
        "ver": "c3dc82108a2a86c17094107ead61d63f8c76200e",
        "Node name for S&R": "ImageConcanate",
        "widget_ue_connectable": {}
      },
      "widgets_values": [
        "right",
        true
      ]
    },
    {
      "id": 35,
      "type": "PreviewImage",
      "pos": [
        19537.0234375,
        1245.3192138671875
      ],
      "size": [
        605.5555419921875,
        612.6666870117188
      ],
      "flags": {},
      "order": 23,
      "mode": 0,
      "inputs": [
        {
          "label": "images",
          "name": "images",
          "type": "IMAGE",
          "link": 46
        }
      ],
      "outputs": [],
      "properties": {
        "cnr_id": "comfy-core",
        "ver": "0.3.30",
        "Node name for S&R": "PreviewImage",
        "widget_ue_connectable": {}
      },
      "widgets_values": []
    },
    {
      "id": 2,
      "type": "LayerUtility: ImageScaleByAspectRatio V2",
      "pos": [
        18002.94921875,
        950.2223510742188
      ],
      "size": [
        504,
        330
      ],
      "flags": {},
      "order": 15,
      "mode": 0,
      "inputs": [
        {
          "label": "image",
          "name": "image",
          "shape": 7,
          "type": "IMAGE",
          "link": 1
        },
        {
          "label": "mask",
          "name": "mask",
          "shape": 7,
          "type": "MASK",
          "link": null
        }
      ],
      "outputs": [
        {
          "label": "image",
          "name": "image",
          "type": "IMAGE",
          "links": [
            4
          ]
        },
        {
          "label": "mask",
          "name": "mask",
          "type": "MASK",
          "links": null
        },
        {
          "label": "original_size",
          "name": "original_size",
          "type": "BOX",
          "links": null
        },
        {
          "label": "width",
          "name": "width",
          "type": "INT",
          "links": null
        },
        {
          "label": "height",
          "name": "height",
          "type": "INT",
          "links": null
        }
      ],
      "properties": {
        "cnr_id": "comfyui_layerstyle",
        "ver": "c0fb64d0ebcb81c6c445a8af79ecee24bc3845b0",
        "Node name for S&R": "LayerUtility: ImageScaleByAspectRatio V2",
        "widget_ue_connectable": {}
      },
      "widgets_values": [
        "original",
        1,
        1,
        "letterbox",
        "lanczos",
        "8",
        "longest",
        2000,
        "#000000"
      ],
      "color": "rgba(38, 73, 116, 0.7)"
    },
    {
      "id": 4,
      "type": "LayerUtility: ImageScaleByAspectRatio V2",
      "pos": [
        17991.48046875,
        1572.1805419921875
      ],
      "size": [
        504,
        330
      ],
      "flags": {},
      "order": 16,
      "mode": 0,
      "inputs": [
        {
          "label": "image",
          "name": "image",
          "shape": 7,
          "type": "IMAGE",
          "link": 2
        },
        {
          "label": "mask",
          "name": "mask",
          "shape": 7,
          "type": "MASK",
          "link": null
        }
      ],
      "outputs": [
        {
          "label": "image",
          "name": "image",
          "type": "IMAGE",
          "links": [
            6
          ]
        },
        {
          "label": "mask",
          "name": "mask",
          "type": "MASK",
          "links": null
        },
        {
          "label": "original_size",
          "name": "original_size",
          "type": "BOX",
          "links": null
        },
        {
          "label": "width",
          "name": "width",
          "type": "INT",
          "links": null
        },
        {
          "label": "height",
          "name": "height",
          "type": "INT",
          "links": null
        }
      ],
      "properties": {
        "cnr_id": "comfyui_layerstyle",
        "ver": "c0fb64d0ebcb81c6c445a8af79ecee24bc3845b0",
        "Node name for S&R": "LayerUtility: ImageScaleByAspectRatio V2",
        "widget_ue_connectable": {}
      },
      "widgets_values": [
        "original",
        1,
        1,
        "letterbox",
        "lanczos",
        "8",
        "longest",
        2000,
        "#000000"
      ],
      "color": "rgba(38, 73, 116, 0.7)"
    },
    {
      "id": 1,
      "type": "LoadImage",
      "pos": [
        17548.119140625,
        938.3506469726562
      ],
      "size": [
        342.5999755859375,
        314
      ],
      "flags": {},
      "order": 4,
      "mode": 0,
      "inputs": [],
      "outputs": [
        {
          "label": "IMAGE",
          "name": "IMAGE",
          "type": "IMAGE",
          "links": [
            1
          ]
        },
        {
          "label": "MASK",
          "name": "MASK",
          "type": "MASK",
          "links": null
        }
      ],
      "properties": {
        "cnr_id": "comfy-core",
        "ver": "0.3.30",
        "Node name for S&R": "LoadImage",
        "widget_ue_connectable": {}
      },
      "widgets_values": [
        "44b185fb-a995-447d-bcb0-da97c4d54853.png",
        "image"
      ]
    },
    {
      "id": 3,
      "type": "LoadImage",
      "pos": [
        17542.89453125,
        1563.0635986328125
      ],
      "size": [
        342.5999755859375,
        314
      ],
      "flags": {},
      "order": 5,
      "mode": 0,
      "inputs": [],
      "outputs": [
        {
          "label": "IMAGE",
          "name": "IMAGE",
          "type": "IMAGE",
          "links": [
            2
          ]
        },
        {
          "label": "MASK",
          "name": "MASK",
          "type": "MASK",
          "links": null
        }
      ],
      "properties": {
        "cnr_id": "comfy-core",
        "ver": "0.3.30",
        "Node name for S&R": "LoadImage",
        "widget_ue_connectable": {}
      },
      "widgets_values": [
        "dog on grass.jpg",
        "image"
      ]
    },
    {
      "id": 12,
      "type": "FloatSlider",
      "pos": [
        18616.578125,
        1809.419189453125
      ],
      "size": [
        340.20001220703125,
        130
      ],
      "flags": {},
      "order": 6,
      "mode": 0,
      "inputs": [],
      "outputs": [
        {
          "label": "FLOAT",
          "name": "FLOAT",
          "type": "FLOAT",
          "links": [
            11
          ]
        }
      ],
      "title": "scale",
      "properties": {
        "cnr_id": "comfyui-mixlab-nodes",
        "ver": "b2bb1876def6330fccf1e03cc69d2166cae7bedb",
        "Node name for S&R": "FloatSlider",
        "widget_ue_connectable": {}
      },
      "widgets_values": [
        0.8720000000000002,
        0,
        1,
        0.001
      ]
    },
    {
      "id": 11,
      "type": "FloatSlider",
      "pos": [
        18615.953125,
        1613.0234375
      ],
      "size": [
        340.20001220703125,
        130
      ],
      "flags": {},
      "order": 7,
      "mode": 0,
      "inputs": [],
      "outputs": [
        {
          "label": "FLOAT",
          "name": "FLOAT",
          "type": "FLOAT",
          "links": [
            10
          ]
        }
      ],
      "title": "y_percent",
      "properties": {
        "cnr_id": "comfyui-mixlab-nodes",
        "ver": "b2bb1876def6330fccf1e03cc69d2166cae7bedb",
        "Node name for S&R": "FloatSlider",
        "widget_ue_connectable": {}
      },
      "widgets_values": [
        47.79500000000001,
        0,
        100,
        1.0000000000000002
      ]
    },
    {
      "id": 10,
      "type": "FloatSlider",
      "pos": [
        18615.212890625,
        1404.6055908203125
      ],
      "size": [
        340.20001220703125,
        130
      ],
      "flags": {},
      "order": 8,
      "mode": 0,
      "inputs": [],
      "outputs": [
        {
          "label": "FLOAT",
          "name": "FLOAT",
          "type": "FLOAT",
          "links": [
            9
          ]
        }
      ],
      "title": "x_percent",
      "properties": {
        "cnr_id": "comfyui-mixlab-nodes",
        "ver": "b2bb1876def6330fccf1e03cc69d2166cae7bedb",
        "Node name for S&R": "FloatSlider",
        "widget_ue_connectable": {}
      },
      "widgets_values": [
        62.798000000000016,
        0,
        100,
        1.0000000000000002
      ]
    },
    {
      "id": 8,
      "type": "LayerUtility: ImageBlendAdvance V2",
      "pos": [
        19029.3671875,
        1411.538330078125
      ],
      "size": [
        428.4000244140625,
        338
      ],
      "flags": {},
      "order": 20,
      "mode": 0,
      "inputs": [
        {
          "label": "background_image",
          "name": "background_image",
          "type": "IMAGE",
          "link": 6
        },
        {
          "label": "layer_image",
          "name": "layer_image",
          "type": "IMAGE",
          "link": 7
        },
        {
          "label": "layer_mask",
          "name": "layer_mask",
          "shape": 7,
          "type": "MASK",
          "link": null
        },
        {
          "label": "x_percent",
          "name": "x_percent",
          "type": "FLOAT",
          "widget": {
            "name": "x_percent"
          },
          "link": 9
        },
        {
          "label": "y_percent",
          "name": "y_percent",
          "type": "FLOAT",
          "widget": {
            "name": "y_percent"
          },
          "link": 10
        },
        {
          "label": "scale",
          "name": "scale",
          "type": "FLOAT",
          "widget": {
            "name": "scale"
          },
          "link": 11
        }
      ],
      "outputs": [
        {
          "label": "image",
          "name": "image",
          "type": "IMAGE",
          "links": [
            12,
            15,
            16,
            46
          ]
        },
        {
          "label": "mask",
          "name": "mask",
          "type": "MASK",
          "links": null
        }
      ],
      "properties": {
        "cnr_id": "comfyui_layerstyle",
        "ver": "c0fb64d0ebcb81c6c445a8af79ecee24bc3845b0",
        "Node name for S&R": "LayerUtility: ImageBlendAdvance V2",
        "widget_ue_connectable": {}
      },
      "widgets_values": [
        true,
        "normal",
        100,
        50,
        50,
        "horizontal",
        1,
        1,
        0,
        "lanczos",
        0
      ],
      "color": "rgba(38, 73, 116, 0.7)"
    },
    {
      "id": 22,
      "type": "easy showAnything",
      "pos": [
        18453.126953125,
        2161.48583984375
      ],
      "size": [
        210,
        242.81173706054688
      ],
      "flags": {},
      "order": 26,
      "mode": 0,
      "inputs": [
        {
          "label": "anything",
          "name": "anything",
          "shape": 7,
          "type": "*",
          "link": 18
        }
      ],
      "outputs": [
        {
          "label": "output",
          "name": "output",
          "type": "*",
          "links": null
        }
      ],
      "properties": {
        "cnr_id": "comfyui-easy-use",
        "ver": "1c4cb43f7b219048251d52251237a42f22790a62",
        "Node name for S&R": "easy showAnything",
        "widget_ue_connectable": {}
      },
      "widgets_values": [
        "The image shows a young woman sitting on a grassy field with her dog. The woman is wearing a white t-shirt, pink shorts, and pink sneakers. She has red hair and is looking directly at the camera with a slight smile on her face. The dog is a Pembroke Welsh Corgi, with its tongue hanging out and its eyes closed. The background is blurred, but it appears to be a park or a park with trees and a blue sky. The overall mood of the image is peaceful and relaxed."
      ]
    },
    {
      "id": 18,
      "type": "CLIPTextEncode",
      "pos": [
        19238.517578125,
        2179.765625
      ],
      "size": [
        400,
        200
      ],
      "flags": {},
      "order": 12,
      "mode": 0,
      "inputs": [
        {
          "label": "clip",
          "name": "clip",
          "type": "CLIP",
          "link": 20
        }
      ],
      "outputs": [
        {
          "label": "CONDITIONING",
          "name": "CONDITIONING",
          "type": "CONDITIONING",
          "links": [
            22
          ]
        }
      ],
      "title": "Positive",
      "properties": {
        "cnr_id": "comfy-core",
        "ver": "0.3.30",
        "Node name for S&R": "CLIPTextEncode",
        "widget_ue_connectable": {}
      },
      "widgets_values": [
        "young woman, grassy field, dog, white-tshirt, pink sneakers"
      ],
      "color": "#232",
      "bgcolor": "#353"
    },
    {
      "id": 34,
      "type": "Fast Groups Muter (rgthree)",
      "pos": [
        17551.826171875,
        2610.725830078125
      ],
      "size": [
        226.8000030517578,
        154
      ],
      "flags": {},
      "order": 9,
      "mode": 0,
      "inputs": [],
      "outputs": [
        {
          "label": "OPT_CONNECTION",
          "name": "OPT_CONNECTION",
          "type": "*",
          "links": null
        }
      ],
      "properties": {
        "matchColors": "",
        "matchTitle": "",
        "showNav": true,
        "sort": "position",
        "customSortAlphabet": "",
        "toggleRestriction": "default",
        "widget_ue_connectable": {}
      }
    },
    {
      "id": 13,
      "type": "LBMSampler",
      "pos": [
        20457.271484375,
        1461.032958984375
      ],
      "size": [
        315,
        78
      ],
      "flags": {},
      "order": 21,
      "mode": 0,
      "inputs": [
        {
          "label": "model",
          "name": "model",
          "type": "LBM_MODEL",
          "link": 13
        },
        {
          "label": "image",
          "name": "image",
          "type": "IMAGE",
          "link": 12
        }
      ],
      "outputs": [
        {
          "label": "image",
          "name": "image",
          "type": "IMAGE",
          "links": [
            14,
            40
          ]
        }
      ],
      "properties": {
        "aux_id": "kijai/ComfyUI-LBMWrapper",
        "Node name for S&R": "LBMSampler",
        "ver": "6bda0e7c6910033f2efc124131422fae568965db",
        "widget_ue_connectable": {}
      },
      "widgets_values": [
        20
      ]
    },
    {
      "id": 15,
      "type": "Image Comparer (rgthree)",
      "pos": [
        20927.2109375,
        1285.77001953125
      ],
      "size": [
        757.36865234375,
        647.0353393554688
      ],
      "flags": {},
      "order": 24,
      "mode": 0,
      "inputs": [
        {
          "dir": 3,
          "label": "image_a",
          "name": "image_a",
          "type": "IMAGE",
          "link": 14
        },
        {
          "dir": 3,
          "label": "image_b",
          "name": "image_b",
          "type": "IMAGE",
          "link": 15
        }
      ],
      "outputs": [],
      "properties": {
        "cnr_id": "rgthree-comfy",
        "ver": "5dc53323e07a021038af9f2a4a06ebc071f7218c",
        "comparer_mode": "Slide",
        "widget_ue_connectable": {}
      },
      "widgets_values": [
        [
          {
            "name": "A",
            "selected": true,
            "url": "/api/view?filename=rgthree.compare._temp_cmiep_00003_.png&type=temp&subfolder=&rand=0.7279180266439237"
          },
          {
            "name": "B",
            "selected": true,
            "url": "/api/view?filename=rgthree.compare._temp_cmiep_00004_.png&type=temp&subfolder=&rand=0.012502548013020531"
          }
        ]
      ]
    },
    {
      "id": 36,
      "type": "Note",
      "pos": [
        17554.71875,
        1331.6318359375
      ],
      "size": [
        294.28955078125,
        136.517578125
      ],
      "flags": {
        "pinned": true
      },
      "order": 10,
      "mode": 0,
      "inputs": [],
      "outputs": [],
      "properties": {},
      "widgets_values": [
        "Video Tutorial: youtube.com/@my-ai-force\n\nExclusive Resources: patreon.com/myaiforce"
      ],
      "color": "#432",
      "bgcolor": "#653"
    }
  ],
  "links": [
    [
      1,
      1,
      0,
      2,
      0,
      "IMAGE"
    ],
    [
      2,
      3,
      0,
      4,
      0,
      "IMAGE"
    ],
    [
      3,
      6,
      0,
      5,
      1,
      "BIREFNET_MODEL"
    ],
    [
      4,
      2,
      0,
      5,
      0,
      "IMAGE"
    ],
    [
      5,
      5,
      0,
      7,
      0,
      "IMAGE"
    ],
    [
      6,
      4,
      0,
      8,
      0,
      "IMAGE"
    ],
    [
      7,
      5,
      0,
      8,
      1,
      "IMAGE"
    ],
    [
      9,
      10,
      0,
      8,
      3,
      "FLOAT"
    ],
    [
      10,
      11,
      0,
      8,
      4,
      "FLOAT"
    ],
    [
      11,
      12,
      0,
      8,
      5,
      "FLOAT"
    ],
    [
      12,
      8,
      0,
      13,
      1,
      "IMAGE"
    ],
    [
      13,
      14,
      0,
      13,
      0,
      "LBM_MODEL"
    ],
    [
      14,
      13,
      0,
      15,
      0,
      "IMAGE"
    ],
    [
      15,
      8,
      0,
      15,
      1,
      "IMAGE"
    ],
    [
      16,
      8,
      0,
      16,
      0,
      "IMAGE"
    ],
    [
      17,
      21,
      0,
      20,
      1,
      "FL2MODEL"
    ],
    [
      18,
      20,
      2,
      22,
      0,
      "*"
    ],
    [
      20,
      17,
      1,
      18,
      0,
      "CLIP"
    ],
    [
      21,
      17,
      1,
      19,
      0,
      "CLIP"
    ],
    [
      22,
      18,
      0,
      23,
      0,
      "CONDITIONING"
    ],
    [
      23,
      19,
      0,
      23,
      1,
      "CONDITIONING"
    ],
    [
      24,
      17,
      2,
      24,
      0,
      "*"
    ],
    [
      25,
      24,
      0,
      23,
      2,
      "VAE"
    ],
    [
      26,
      24,
      0,
      25,
      1,
      "VAE"
    ],
    [
      27,
      25,
      0,
      23,
      3,
      "LATENT"
    ],
    [
      28,
      23,
      0,
      27,
      1,
      "CONDITIONING"
    ],
    [
      29,
      23,
      1,
      27,
      2,
      "CONDITIONING"
    ],
    [
      30,
      17,
      0,
      28,
      0,
      "MODEL"
    ],
    [
      31,
      28,
      0,
      27,
      0,
      "MODEL"
    ],
    [
      32,
      23,
      2,
      27,
      3,
      "LATENT"
    ],
    [
      33,
      27,
      0,
      30,
      0,
      "LATENT"
    ],
    [
      34,
      24,
      0,
      31,
      0,
      "*"
    ],
    [
      35,
      31,
      0,
      30,
      1,
      "VAE"
    ],
    [
      36,
      30,
      0,
      29,
      0,
      "IMAGE"
    ],
    [
      40,
      13,
      0,
      32,
      0,
      "IMAGE"
    ],
    [
      41,
      30,
      0,
      32,
      1,
      "IMAGE"
    ],
    [
      42,
      32,
      0,
      33,
      0,
      "IMAGE"
    ],
    [
      46,
      8,
      0,
      35,
      0,
      "IMAGE"
    ]
  ],
  "groups": [
    {
      "id": 1,
      "title": "Layout",
      "bounding": [
        17532.89453125,
        864.7506713867188,
        2766.08837890625,
        1134.7562255859375
      ],
      "color": "#3f789e",
      "font_size": 24,
      "flags": {}
    },
    {
      "id": 2,
      "title": "LBM Relighting",
      "bounding": [
        20394.072265625,
        1178.1412353515625,
        1300.5078125,
        764.6641845703125
      ],
      "color": "#3f789e",
      "font_size": 24,
      "flags": {}
    },
    {
      "id": 3,
      "title": "Prompt",
      "bounding": [
        17536.390625,
        2032.4720458984375,
        1152.763671875,
        447.6000061035156
      ],
      "color": "#3f789e",
      "font_size": 24,
      "flags": {}
    },
    {
      "id": 4,
      "title": "IC Light",
      "bounding": [
        18799.841796875,
        2043.0938720703125,
        2864.24609375,
        638.5855712890625
      ],
      "color": "#3f789e",
      "font_size": 24,
      "flags": {}
    },
    {
      "id": 5,
      "title": "Comparison",
      "bounding": [
        21734.314453125,
        1374.1661376953125,
        2956.751953125,
        1311.3443603515625
      ],
      "color": "#3f789e",
      "font_size": 24,
      "flags": {}
    }
  ],
  "config": {},
  "extra": {
    "ds": {
      "scale": 1.1918176537727871,
      "offset": [
        -17363.909827794698,
        -473.1972310625589
      ]
    },
    "ue_links": [
      {
        "downstream": 20,
        "downstream_slot": 0,
        "upstream": "8",
        "upstream_slot": 0,
        "controller": 16,
        "type": "IMAGE"
      },
      {
        "downstream": 25,
        "downstream_slot": 0,
        "upstream": "8",
        "upstream_slot": 0,
        "controller": 16,
        "type": "IMAGE"
      },
      {
        "downstream": 29,
        "downstream_slot": 1,
        "upstream": "8",
        "upstream_slot": 0,
        "controller": 16,
        "type": "IMAGE"
      }
    ],
    "links_added_by_ue": [
      68,
      69,
      70
    ],
    "frontendVersion": "1.18.3"
  },
  "version": 0.4
}