{
  "last_node_id": 46,
  "last_link_id": 102,
  "nodes": [
    {
      "id": 31,
      "type": "UNETLoader",
      "pos": [
        -199.33509826660156,
        -130.10777282714844
      ],
      "size": [
        315,
        82
      ],
      "flags": {},
      "order": 0,
      "mode": 0,
      "inputs": [],
      "outputs": [
        {
          "name": "MODEL",
          "type": "MODEL",
          "links": [
            85
          ],
          "slot_index": 0
        }
      ],
      "properties": {
        "Node name for S&R": "UNETLoader"
      },
      "widgets_values": [
        "flux1-fill-dev.safetensors",
        "fp8_e4m3fn"
      ]
    },
    {
      "id": 34,
      "type": "DualCLIPLoader",
      "pos": [
        -215.67547607421875,
        45.131553649902344
      ],
      "size": [
        315,
        106
      ],
      "flags": {},
      "order": 1,
      "mode": 0,
      "inputs": [],
      "outputs": [
        {
          "name": "CLIP",
          "type": "CLIP",
          "links": [
            62,
            63
          ]
        }
      ],
      "properties": {
        "Node name for S&R": "DualCLIPLoader"
      },
      "widgets_values": [
        "clip_l.safetensors",
        "t5xxl_fp16.safetensors",
        "flux"
      ]
    },
    {
      "id": 39,
      "type": "DifferentialDiffusion",
      "pos": [
        181.08741760253906,
        -125.01751708984375
      ],
      "size": [
        277.20001220703125,
        26
      ],
      "flags": {},
      "order": 5,
      "mode": 0,
      "inputs": [
        {
          "name": "model",
          "type": "MODEL",
          "link": 85
        }
      ],
      "outputs": [
        {
          "name": "MODEL",
          "type": "MODEL",
          "links": [
            86
          ],
          "slot_index": 0
        }
      ],
      "properties": {
        "Node name for S&R": "DifferentialDiffusion"
      },
      "widgets_values": []
    },
    {
      "id": 26,
      "type": "FluxGuidance",
      "pos": [
        588.4386596679688,
        -5.035111904144287
      ],
      "size": [
        317.4000244140625,
        58
      ],
      "flags": {},
      "order": 8,
      "mode": 0,
      "inputs": [
        {
          "name": "conditioning",
          "type": "CONDITIONING",
          "link": 41
        }
      ],
      "outputs": [
        {
          "name": "CONDITIONING",
          "type": "CONDITIONING",
          "links": [
            80
          ],
          "slot_index": 0,
          "shape": 3
        }
      ],
      "properties": {
        "Node name for S&R": "FluxGuidance"
      },
      "widgets_values": [
        30
      ]
    },
    {
      "id": 38,
      "type": "InpaintModelConditioning",
      "pos": [
        933.7545776367188,
        -6.386000633239746
      ],
      "size": [
        302.4000244140625,
        138
      ],
      "flags": {},
      "order": 9,
      "mode": 0,
      "inputs": [
        {
          "name": "positive",
          "type": "CONDITIONING",
          "link": 80
        },
        {
          "name": "negative",
          "type": "CONDITIONING",
          "link": 81
        },
        {
          "name": "vae",
          "type": "VAE",
          "link": 82
        },
        {
          "name": "pixels",
          "type": "IMAGE",
          "link": 99
        },
        {
          "name": "mask",
          "type": "MASK",
          "link": 100
        }
      ],
      "outputs": [
        {
          "name": "positive",
          "type": "CONDITIONING",
          "links": [
            77
          ],
          "slot_index": 0
        },
        {
          "name": "negative",
          "type": "CONDITIONING",
          "links": [
            78
          ],
          "slot_index": 1
        },
        {
          "name": "latent",
          "type": "LATENT",
          "links": [
            88
          ],
          "slot_index": 2
        }
      ],
      "properties": {
        "Node name for S&R": "InpaintModelConditioning"
      },
      "widgets_values": [
        false
      ]
    },
    {
      "id": 7,
      "type": "CLIPTextEncode",
      "pos": [
        236.2982635498047,
        203.31581115722656
      ],
      "size": [
        425.27801513671875,
        180.6060791015625
      ],
      "flags": {
        "collapsed": true
      },
      "order": 7,
      "mode": 0,
      "inputs": [
        {
          "name": "clip",
          "type": "CLIP",
          "link": 63
        }
      ],
      "outputs": [
        {
          "name": "CONDITIONING",
          "type": "CONDITIONING",
          "links": [
            81
          ],
          "slot_index": 0
        }
      ],
      "title": "CLIP Text Encode (Negative Prompt)",
      "properties": {
        "Node name for S&R": "CLIPTextEncode"
      },
      "widgets_values": [
        ""
      ],
      "color": "#322",
      "bgcolor": "#533"
    },
    {
      "id": 32,
      "type": "VAELoader",
      "pos": [
        1273.3157958984375,
        327.3509216308594
      ],
      "size": [
        315,
        58
      ],
      "flags": {},
      "order": 2,
      "mode": 0,
      "inputs": [],
      "outputs": [
        {
          "name": "VAE",
          "type": "VAE",
          "links": [
            60,
            82
          ],
          "slot_index": 0
        }
      ],
      "properties": {
        "Node name for S&R": "VAELoader"
      },
      "widgets_values": [
        "ae.safetensors"
      ]
    },
    {
      "id": 23,
      "type": "CLIPTextEncode",
      "pos": [
        144,
        -7
      ],
      "size": [
        422.84503173828125,
        164.31304931640625
      ],
      "flags": {},
      "order": 6,
      "mode": 0,
      "inputs": [
        {
          "name": "clip",
          "type": "CLIP",
          "link": 62
        }
      ],
      "outputs": [
        {
          "name": "CONDITIONING",
          "type": "CONDITIONING",
          "links": [
            41
          ],
          "slot_index": 0
        }
      ],
      "title": "CLIP Text Encode (Positive Prompt)",
      "properties": {
        "Node name for S&R": "CLIPTextEncode"
      },
      "widgets_values": [
        "A stunning and elegant woman wearing a tight-fitting white formal dress, perfect for high-class events, standing confidently in a dramatic setting. The dress is wet, clinging to her figure, revealing intricate minimalistic patterns subtly visible through the damp fabric. The scene features soft, cinematic lighting, highlighting the texture of the dress and her poised expression. The atmosphere is sophisticated, focusing on elegance, detail, and a modern, stylish vibe."
      ],
      "color": "#232",
      "bgcolor": "#353"
    },
    {
      "id": 8,
      "type": "VAEDecode",
      "pos": [
        1268.7716064453125,
        66.07017517089844
      ],
      "size": [
        210,
        46
      ],
      "flags": {},
      "order": 11,
      "mode": 0,
      "inputs": [
        {
          "name": "samples",
          "type": "LATENT",
          "link": 7
        },
        {
          "name": "vae",
          "type": "VAE",
          "link": 60
        }
      ],
      "outputs": [
        {
          "name": "IMAGE",
          "type": "IMAGE",
          "links": [
            95,
            101
          ],
          "slot_index": 0
        }
      ],
      "properties": {
        "Node name for S&R": "VAEDecode"
      },
      "widgets_values": []
    },
    {
      "id": 17,
      "type": "LoadImage",
      "pos": [
        597.2632446289062,
        121.56138610839844
      ],
      "size": [
        315,
        314.0000305175781
      ],
      "flags": {},
      "order": 3,
      "mode": 0,
      "inputs": [],
      "outputs": [
        {
          "name": "IMAGE",
          "type": "IMAGE",
          "links": [
            99,
            102
          ],
          "slot_index": 0,
          "shape": 3
        },
        {
          "name": "MASK",
          "type": "MASK",
          "links": [
            100
          ],
          "slot_index": 1,
          "shape": 3
        }
      ],
      "properties": {
        "Node name for S&R": "LoadImage"
      },
      "widgets_values": [
        "clipspace/clipspace-mask-16826751.700000048.png [input]",
        "image"
      ]
    },
    {
      "id": 45,
      "type": "Image Comparer (rgthree)",
      "pos": [
        2472.400634765625,
        -38.422088623046875
      ],
      "size": [
        762.2417602539062,
        878.5785522460938
      ],
      "flags": {},
      "order": 13,
      "mode": 0,
      "inputs": [
        {
          "name": "image_a",
          "type": "IMAGE",
          "link": 102,
          "dir": 3
        },
        {
          "name": "image_b",
          "type": "IMAGE",
          "link": 101,
          "dir": 3
        }
      ],
      "outputs": [],
      "properties": {
        "comparer_mode": "Slide"
      },
      "widgets_values": [
        [
          {
            "name": "A",
            "selected": true,
            "url": "/api/view?filename=rgthree.compare._temp_glbyt_00003_.png&type=temp&subfolder=&rand=0.6025225193703543"
          },
          {
            "name": "B",
            "selected": true,
            "url": "/api/view?filename=rgthree.compare._temp_glbyt_00004_.png&type=temp&subfolder=&rand=0.4525194468489635"
          }
        ]
      ]
    },
    {
      "id": 9,
      "type": "SaveImage",
      "pos": [
        1600.5281982421875,
        -47.617942810058594
      ],
      "size": [
        828.9535522460938,
        893.8475341796875
      ],
      "flags": {},
      "order": 12,
      "mode": 0,
      "inputs": [
        {
          "name": "images",
          "type": "IMAGE",
          "link": 95
        }
      ],
      "outputs": [],
      "properties": {
        "Node name for S&R": "SaveImage"
      },
      "widgets_values": [
        "ComfyUI"
      ]
    },
    {
      "id": 3,
      "type": "KSampler",
      "pos": [
        940.175048828125,
        179.8245849609375
      ],
      "size": [
        315,
        262
      ],
      "flags": {},
      "order": 10,
      "mode": 0,
      "inputs": [
        {
          "name": "model",
          "type": "MODEL",
          "link": 86
        },
        {
          "name": "positive",
          "type": "CONDITIONING",
          "link": 77
        },
        {
          "name": "negative",
          "type": "CONDITIONING",
          "link": 78
        },
        {
          "name": "latent_image",
          "type": "LATENT",
          "link": 88
        }
      ],
      "outputs": [
        {
          "name": "LATENT",
          "type": "LATENT",
          "links": [
            7
          ],
          "slot_index": 0
        }
      ],
      "properties": {
        "Node name for S&R": "KSampler"
      },
      "widgets_values": [
        138412600209255,
        "fixed",
        20,
        1,
        "euler",
        "normal",
        1
      ]
    },
    {
      "id": 46,
      "type": "Note",
      "pos": [
        -211.91943359375,
        201.4907684326172
      ],
      "size": [
        780.1481323242188,
        228.67422485351562
      ],
      "flags": {},
      "order": 4,
      "mode": 0,
      "inputs": [],
      "outputs": [],
      "properties": {},
      "widgets_values": [
        "     ██╗ ██████╗  ██████╗██╗  ██╗███████╗██████╗     █████╗ ██╗\n     ██║██╔═══██╗██╔════╝██║ ██╔╝██╔════╝██╔══██╗   ██╔══██╗██║\n     ██║██║   ██║██║     █████╔╝ █████╗  ██████╔╝   ███████║██║\n██   ██║██║   ██║██║     ██╔═██╗ ██╔══╝  ██╔══██╗   ██╔══██║██║\n╚█████╔╝╚██████╔╝╚██████╗██║  ██╗███████╗██║  ██║██╗██║  ██║██║\n ╚════╝  ╚═════╝  ╚═════╝╚═╝  ╚═╝╚══════╝╚═╝  ╚═╝╚═╝╚═╝  ╚═╝╚═╝\n                                                               \nPatreon : https://www.patreon.com/c/Jockerai\nYoutube : https://www.youtube.com/@UC5sPbE99E31dzGRRm-ccaAg \nTelegram : https://t.me/jokerrai\nCivitai : https://civitai.com/user/jockerai\nSeaArt Ai Apps : https://www.seaart.ai/user/49d100881342c1ba39a8ebfdc930f8d5"
      ],
      "color": "#432",
      "bgcolor": "#653"
    }
  ],
  "links": [
    [
      7,
      3,
      0,
      8,
      0,
      "LATENT"
    ],
    [
      41,
      23,
      0,
      26,
      0,
      "CONDITIONING"
    ],
    [
      60,
      32,
      0,
      8,
      1,
      "VAE"
    ],
    [
      62,
      34,
      0,
      23,
      0,
      "CLIP"
    ],
    [
      63,
      34,
      0,
      7,
      0,
      "CLIP"
    ],
    [
      77,
      38,
      0,
      3,
      1,
      "CONDITIONING"
    ],
    [
      78,
      38,
      1,
      3,
      2,
      "CONDITIONING"
    ],
    [
      80,
      26,
      0,
      38,
      0,
      "CONDITIONING"
    ],
    [
      81,
      7,
      0,
      38,
      1,
      "CONDITIONING"
    ],
    [
      82,
      32,
      0,
      38,
      2,
      "VAE"
    ],
    [
      85,
      31,
      0,
      39,
      0,
      "MODEL"
    ],
    [
      86,
      39,
      0,
      3,
      0,
      "MODEL"
    ],
    [
      88,
      38,
      2,
      3,
      3,
      "LATENT"
    ],
    [
      95,
      8,
      0,
      9,
      0,
      "IMAGE"
    ],
    [
      99,
      17,
      0,
      38,
      3,
      "IMAGE"
    ],
    [
      100,
      17,
      1,
      38,
      4,
      "MASK"
    ],
    [
      101,
      8,
      0,
      45,
      1,
      "IMAGE"
    ],
    [
      102,
      17,
      0,
      45,
      0,
      "IMAGE"
    ]
  ],
  "groups": [],
  "config": {},
  "extra": {
    "ds": {
      "scale": 0.5989500000000004,
      "offset": [
        532.4123159558894,
        845.4598829248877
      ]
    },
    "ue_links": []
  },
  "version": 0.4
}