{
  "id": "623b3d56-63c3-41d8-a2a7-15c265da48b3",
  "revision": 0,
  "last_node_id": 48,
  "last_link_id": 85,
  "nodes": [
    {
      "id": 20,
      "type": "SaveImage",
      "pos": [
        1776.245361328125,
        56.32616424560547
      ],
      "size": [
        741.440185546875,
        939.0936889648438
      ],
      "flags": {},
      "order": 26,
      "mode": 0,
      "inputs": [
        {
          "name": "images",
          "type": "IMAGE",
          "link": 45
        }
      ],
      "outputs": [],
      "properties": {
        "cnr_id": "comfy-core",
        "ver": "0.3.31"
      },
      "widgets_values": [
        "ComfyUI"
      ]
    },
    {
      "id": 28,
      "type": "DetailerForEachDebug",
      "pos": [
        1380.986328125,
        56.32616424560547
      ],
      "size": [
        357.0247802734375,
        680
      ],
      "flags": {},
      "order": 25,
      "mode": 0,
      "inputs": [
        {
          "name": "image",
          "type": "IMAGE",
          "link": 54
        },
        {
          "name": "segs",
          "type": "SEGS",
          "link": 63
        },
        {
          "name": "model",
          "type": "MODEL",
          "link": 85
        },
        {
          "name": "clip",
          "type": "CLIP",
          "link": 51
        },
        {
          "name": "vae",
          "type": "VAE",
          "link": 43
        },
        {
          "name": "positive",
          "type": "CONDITIONING",
          "link": 41
        },
        {
          "name": "negative",
          "type": "CONDITIONING",
          "link": 42
        },
        {
          "name": "detailer_hook",
          "shape": 7,
          "type": "DETAILER_HOOK",
          "link": null
        },
        {
          "name": "scheduler_func_opt",
          "shape": 7,
          "type": "SCHEDULER_FUNC",
          "link": null
        }
      ],
      "outputs": [
        {
          "name": "image",
          "type": "IMAGE",
          "links": [
            45
          ]
        },
        {
          "name": "cropped",
          "shape": 6,
          "type": "IMAGE",
          "links": null
        },
        {
          "name": "cropped_refined",
          "shape": 6,
          "type": "IMAGE",
          "links": null
        },
        {
          "name": "cropped_refined_alpha",
          "shape": 6,
          "type": "IMAGE",
          "links": null
        },
        {
          "name": "cnet_images",
          "shape": 6,
          "type": "IMAGE",
          "links": null
        }
      ],
      "properties": {
        "cnr_id": "comfyui-impact-pack",
        "ver": "cd34cfdd638a996fd011be1b490c70a7e0fb505f",
        "Node name for S&R": "DetailerForEachDebug"
      },
      "widgets_values": [
        768,
        true,
        1024,
        1234,
        "fixed",
        20,
        1,
        "euler",
        "normal",
        0.7000000000000002,
        5,
        true,
        true,
        "",
        1,
        false,
        20,
        false,
        false
      ],
      "color": "#323",
      "bgcolor": "#535"
    },
    {
      "id": 45,
      "type": "MarkdownNote",
      "pos": [
        -1111.3514404296875,
        524.074462890625
      ],
      "size": [
        320.52789306640625,
        184.8465118408203
      ],
      "flags": {},
      "order": 0,
      "mode": 0,
      "inputs": [],
      "outputs": [],
      "properties": {},
      "widgets_values": [
        "The models are downloaded automatically  \n- **aes_stage2**  \n  - This is the model after SFT, with improved prompt adherence  \n  - However, it suffers from severe Plastic Skin typical of Flux  \n- **sim_stage1**  \n  - A pre-SFT model with high fidelity to the subject  \n  - Rarely follows prompts  \n  - This workflow uses this mode\n"
      ],
      "color": "#432",
      "bgcolor": "#653"
    },
    {
      "id": 21,
      "type": "ExtractIDEmbedding",
      "pos": [
        -163.2210693359375,
        495.04486083984375
      ],
      "size": [
        232.388671875,
        86
      ],
      "flags": {},
      "order": 16,
      "mode": 0,
      "inputs": [
        {
          "name": "face_detector",
          "type": "MODEL",
          "link": 26
        },
        {
          "name": "arcface_model",
          "type": "MODEL",
          "link": 27
        },
        {
          "name": "image_proj_model",
          "type": "MODEL",
          "link": 28
        },
        {
          "name": "image",
          "type": "IMAGE",
          "link": 29
        }
      ],
      "outputs": [
        {
          "name": "CONDITIONING",
          "type": "CONDITIONING",
          "links": [
            30
          ]
        }
      ],
      "properties": {
        "cnr_id": "infiniteyou",
        "ver": "1.0.0",
        "Node name for S&R": "ExtractIDEmbedding"
      },
      "widgets_values": [],
      "color": "#232",
      "bgcolor": "#353"
    },
    {
      "id": 12,
      "type": "FluxGuidance",
      "pos": [
        -158.882080078125,
        762.8399047851562
      ],
      "size": [
        478.5671691894531,
        77.06908416748047
      ],
      "flags": {},
      "order": 18,
      "mode": 0,
      "inputs": [
        {
          "name": "conditioning",
          "type": "CONDITIONING",
          "link": 13
        }
      ],
      "outputs": [
        {
          "name": "CONDITIONING",
          "type": "CONDITIONING",
          "slot_index": 0,
          "links": [
            31
          ]
        }
      ],
      "properties": {
        "cnr_id": "comfy-core",
        "ver": "0.3.31",
        "Node name for S&R": "FluxGuidance"
      },
      "widgets_values": [
        3
      ]
    },
    {
      "id": 7,
      "type": "CLIPTextEncode",
      "pos": [
        91.78516387939453,
        569.512451171875
      ],
      "size": [
        366.61236572265625,
        89.5481185913086
      ],
      "flags": {
        "collapsed": true
      },
      "order": 15,
      "mode": 0,
      "inputs": [
        {
          "name": "clip",
          "type": "CLIP",
          "link": 12
        }
      ],
      "outputs": [
        {
          "name": "CONDITIONING",
          "type": "CONDITIONING",
          "slot_index": 0,
          "links": [
            32
          ]
        }
      ],
      "properties": {
        "cnr_id": "comfy-core",
        "ver": "0.3.31",
        "Node name for S&R": "CLIPTextEncode"
      },
      "widgets_values": [
        ""
      ]
    },
    {
      "id": 10,
      "type": "UnetLoaderGGUF",
      "pos": [
        494.461669921875,
        -23.67383575439453
      ],
      "size": [
        532.8400268554688,
        87.04000091552734
      ],
      "flags": {},
      "order": 1,
      "mode": 0,
      "inputs": [],
      "outputs": [
        {
          "name": "MODEL",
          "type": "MODEL",
          "slot_index": 0,
          "links": []
        }
      ],
      "properties": {
        "cnr_id": "ComfyUI-GGUF",
        "ver": "3d673c5c098ecaa6e6027f834659ba8de534ca32",
        "Node name for S&R": "UnetLoaderGGUF"
      },
      "widgets_values": [
        "FLUX_gguf\\flux1-dev-Q5_0.gguf"
      ]
    },
    {
      "id": 41,
      "type": "PreviewImage",
      "pos": [
        973.1209106445312,
        -786.8351440429688
      ],
      "size": [
        210,
        258
      ],
      "flags": {},
      "order": 23,
      "mode": 0,
      "inputs": [
        {
          "name": "images",
          "type": "IMAGE",
          "link": 70
        }
      ],
      "outputs": [],
      "properties": {
        "cnr_id": "comfy-core",
        "ver": "0.3.31",
        "Node name for S&R": "PreviewImage"
      },
      "widgets_values": [],
      "color": "#222",
      "bgcolor": "#000"
    },
    {
      "id": 46,
      "type": "MarkdownNote",
      "pos": [
        79.0119857788086,
        -835.8847045898438
      ],
      "size": [
        266.56982421875,
        96.332763671875
      ],
      "flags": {},
      "order": 2,
      "mode": 0,
      "inputs": [],
      "outputs": [],
      "properties": {},
      "widgets_values": [
        "Like InstantID, InfiniteYou allows you to specify the direction of the face.  \nHowever, using it with the Detailer turned out to be worse.\n"
      ],
      "color": "#222",
      "bgcolor": "#000"
    },
    {
      "id": 48,
      "type": "UNETLoader",
      "pos": [
        499.4442443847656,
        123.82482147216797
      ],
      "size": [
        270,
        82
      ],
      "flags": {},
      "order": 3,
      "mode": 0,
      "inputs": [],
      "outputs": [
        {
          "name": "MODEL",
          "type": "MODEL",
          "links": [
            84
          ]
        }
      ],
      "properties": {
        "cnr_id": "comfy-core",
        "ver": "0.3.31",
        "Node name for S&R": "UNETLoader"
      },
      "widgets_values": [
        "flux1-dev.safetensors",
        "default"
      ]
    },
    {
      "id": 24,
      "type": "InfuseNetApply",
      "pos": [
        1073.00732421875,
        186
      ],
      "size": [
        270,
        206
      ],
      "flags": {},
      "order": 24,
      "mode": 0,
      "inputs": [
        {
          "name": "positive",
          "type": "CONDITIONING",
          "link": 31
        },
        {
          "name": "negative",
          "type": "CONDITIONING",
          "link": 32
        },
        {
          "name": "id_embedding",
          "type": "CONDITIONING",
          "link": 30
        },
        {
          "name": "control_net",
          "type": "CONTROL_NET",
          "link": 36
        },
        {
          "name": "image",
          "type": "IMAGE",
          "link": 80
        },
        {
          "name": "vae",
          "shape": 7,
          "type": "VAE",
          "link": 35
        }
      ],
      "outputs": [
        {
          "name": "positive",
          "type": "CONDITIONING",
          "links": [
            41
          ]
        },
        {
          "name": "negative",
          "type": "CONDITIONING",
          "links": [
            42
          ]
        }
      ],
      "properties": {
        "cnr_id": "infiniteyou",
        "ver": "1.0.0",
        "Node name for S&R": "InfuseNetApply"
      },
      "widgets_values": [
        1,
        0,
        1
      ],
      "color": "#232",
      "bgcolor": "#353"
    },
    {
      "id": 14,
      "type": "VAELoader",
      "pos": [
        767.4407958984375,
        608.2017211914062
      ],
      "size": [
        231.50999450683594,
        58
      ],
      "flags": {
        "collapsed": true
      },
      "order": 4,
      "mode": 0,
      "inputs": [],
      "outputs": [
        {
          "name": "VAE",
          "type": "VAE",
          "slot_index": 0,
          "links": [
            35,
            43
          ]
        }
      ],
      "properties": {
        "cnr_id": "comfy-core",
        "ver": "0.3.31",
        "Node name for S&R": "VAELoader"
      },
      "widgets_values": [
        "ae.safetensors"
      ]
    },
    {
      "id": 47,
      "type": "TeaCache",
      "pos": [
        988.144287109375,
        115.57533264160156
      ],
      "size": [
        270,
        106
      ],
      "flags": {},
      "order": 12,
      "mode": 0,
      "inputs": [
        {
          "name": "model",
          "type": "MODEL",
          "link": 84
        }
      ],
      "outputs": [
        {
          "name": "model",
          "type": "MODEL",
          "links": [
            85
          ]
        }
      ],
      "properties": {
        "cnr_id": "teacache",
        "ver": "1.5.1",
        "Node name for S&R": "TeaCache"
      },
      "widgets_values": [
        "flux",
        0.4,
        3
      ]
    },
    {
      "id": 34,
      "type": "ImageResize+",
      "pos": [
        -768.4039306640625,
        -339.9999694824219
      ],
      "size": [
        270,
        218
      ],
      "flags": {},
      "order": 13,
      "mode": 0,
      "inputs": [
        {
          "name": "image",
          "type": "IMAGE",
          "link": 55
        }
      ],
      "outputs": [
        {
          "name": "IMAGE",
          "type": "IMAGE",
          "links": [
            53,
            54
          ]
        },
        {
          "name": "width",
          "type": "INT",
          "links": null
        },
        {
          "name": "height",
          "type": "INT",
          "links": null
        }
      ],
      "properties": {
        "cnr_id": "comfyui_essentials",
        "ver": "9d9f4bedfc9f0321c19faf71855e228c93bd0dc9",
        "Node name for S&R": "ImageResize+"
      },
      "widgets_values": [
        1408,
        1408,
        "nearest",
        "keep proportion",
        "if bigger area",
        0
      ]
    },
    {
      "id": 29,
      "type": "ImpactSimpleDetectorSEGS",
      "pos": [
        -32.270572662353516,
        -412.4307556152344
      ],
      "size": [
        304.07421875,
        310
      ],
      "flags": {},
      "order": 17,
      "mode": 0,
      "inputs": [
        {
          "name": "bbox_detector",
          "type": "BBOX_DETECTOR",
          "link": 64
        },
        {
          "name": "image",
          "type": "IMAGE",
          "link": 53
        },
        {
          "name": "sam_model_opt",
          "shape": 7,
          "type": "SAM_MODEL",
          "link": 49
        },
        {
          "name": "segm_detector_opt",
          "shape": 7,
          "type": "SEGM_DETECTOR",
          "link": null
        }
      ],
      "outputs": [
        {
          "name": "SEGS",
          "type": "SEGS",
          "links": [
            63,
            66
          ]
        }
      ],
      "properties": {
        "cnr_id": "comfyui-impact-pack",
        "ver": "cd34cfdd638a996fd011be1b490c70a7e0fb505f",
        "Node name for S&R": "ImpactSimpleDetectorSEGS"
      },
      "widgets_values": [
        0.5,
        0,
        3,
        10,
        0.5,
        0,
        0,
        0.7,
        10
      ],
      "color": "#322",
      "bgcolor": "#533"
    },
    {
      "id": 39,
      "type": "ExtractFacePoseImage",
      "pos": [
        531.3823852539062,
        -682.21484375
      ],
      "size": [
        270,
        102
      ],
      "flags": {},
      "order": 21,
      "mode": 0,
      "inputs": [
        {
          "name": "face_detector",
          "type": "MODEL",
          "link": 68
        },
        {
          "name": "image",
          "type": "IMAGE",
          "link": 83
        },
        {
          "name": "width",
          "type": "INT",
          "widget": {
            "name": "width"
          },
          "link": 74
        },
        {
          "name": "height",
          "type": "INT",
          "widget": {
            "name": "height"
          },
          "link": 75
        }
      ],
      "outputs": [
        {
          "name": "IMAGE",
          "type": "IMAGE",
          "links": [
            70
          ]
        }
      ],
      "properties": {
        "cnr_id": "infiniteyou",
        "ver": "1.0.0",
        "Node name for S&R": "ExtractFacePoseImage"
      },
      "widgets_values": [
        864,
        1152
      ],
      "color": "#222",
      "bgcolor": "#000"
    },
    {
      "id": 43,
      "type": "EmptyImage",
      "pos": [
        1016.8726806640625,
        952.7921142578125
      ],
      "size": [
        270,
        130
      ],
      "flags": {},
      "order": 22,
      "mode": 0,
      "inputs": [
        {
          "name": "width",
          "type": "INT",
          "widget": {
            "name": "width"
          },
          "link": 76
        },
        {
          "name": "height",
          "type": "INT",
          "widget": {
            "name": "height"
          },
          "link": 77
        }
      ],
      "outputs": [
        {
          "name": "IMAGE",
          "type": "IMAGE",
          "links": [
            80
          ]
        }
      ],
      "properties": {
        "cnr_id": "comfy-core",
        "ver": "0.3.31",
        "Node name for S&R": "EmptyImage"
      },
      "widgets_values": [
        512,
        512,
        1,
        0
      ]
    },
    {
      "id": 42,
      "type": "GetImageSize+",
      "pos": [
        835.3016357421875,
        995.1931762695312
      ],
      "size": [
        159.50155639648438,
        66
      ],
      "flags": {},
      "order": 20,
      "mode": 0,
      "inputs": [
        {
          "name": "image",
          "type": "IMAGE",
          "link": 82
        }
      ],
      "outputs": [
        {
          "name": "width",
          "type": "INT",
          "links": [
            74,
            76
          ]
        },
        {
          "name": "height",
          "type": "INT",
          "links": [
            75,
            77
          ]
        },
        {
          "name": "count",
          "type": "INT",
          "links": []
        }
      ],
      "properties": {
        "cnr_id": "comfyui_essentials",
        "ver": "9d9f4bedfc9f0321c19faf71855e228c93bd0dc9",
        "Node name for S&R": "GetImageSize+"
      },
      "widgets_values": []
    },
    {
      "id": 40,
      "type": "SEGSPreview",
      "pos": [
        753.7996826171875,
        1151.2281494140625
      ],
      "size": [
        270,
        314
      ],
      "flags": {},
      "order": 19,
      "mode": 0,
      "inputs": [
        {
          "name": "segs",
          "type": "SEGS",
          "link": 66
        },
        {
          "name": "fallback_image_opt",
          "shape": 7,
          "type": "IMAGE",
          "link": null
        }
      ],
      "outputs": [
        {
          "name": "IMAGE",
          "shape": 6,
          "type": "IMAGE",
          "links": [
            82,
            83
          ]
        }
      ],
      "properties": {
        "cnr_id": "comfyui-impact-pack",
        "ver": "cd34cfdd638a996fd011be1b490c70a7e0fb505f",
        "Node name for S&R": "SEGSPreview"
      },
      "widgets_values": [
        true,
        0.2
      ]
    },
    {
      "id": 23,
      "type": "LoadImage",
      "pos": [
        -534.70263671875,
        764.7879028320312
      ],
      "size": [
        274.080078125,
        314
      ],
      "flags": {},
      "order": 5,
      "mode": 0,
      "inputs": [],
      "outputs": [
        {
          "name": "IMAGE",
          "type": "IMAGE",
          "links": [
            29
          ]
        },
        {
          "name": "MASK",
          "type": "MASK",
          "links": null
        }
      ],
      "properties": {
        "cnr_id": "comfy-core",
        "ver": "0.3.31",
        "Node name for S&R": "LoadImage"
      },
      "widgets_values": [
        "generation-f3ffef68-5ed2-4e5a-871e-e941d994bed5.png",
        "image"
      ],
      "color": "#232",
      "bgcolor": "#353"
    },
    {
      "id": 30,
      "type": "LoadImage",
      "pos": [
        -1071.4783935546875,
        -342.36944580078125
      ],
      "size": [
        247.8134002685547,
        423.8187561035156
      ],
      "flags": {},
      "order": 6,
      "mode": 0,
      "inputs": [],
      "outputs": [
        {
          "name": "IMAGE",
          "type": "IMAGE",
          "links": [
            55
          ]
        },
        {
          "name": "MASK",
          "type": "MASK",
          "links": []
        }
      ],
      "properties": {
        "cnr_id": "comfy-core",
        "ver": "0.3.31",
        "Node name for S&R": "LoadImage"
      },
      "widgets_values": [
        "kgQ3VoSB4y0Maj5HiYhrk.jpeg",
        "image"
      ]
    },
    {
      "id": 6,
      "type": "CLIPTextEncode",
      "pos": [
        -159.43643188476562,
        304.8666687011719
      ],
      "size": [
        360.0123596191406,
        127.14811706542969
      ],
      "flags": {},
      "order": 14,
      "mode": 0,
      "inputs": [
        {
          "name": "clip",
          "type": "CLIP",
          "link": 11
        }
      ],
      "outputs": [
        {
          "name": "CONDITIONING",
          "type": "CONDITIONING",
          "slot_index": 0,
          "links": [
            13
          ]
        }
      ],
      "properties": {
        "cnr_id": "comfy-core",
        "ver": "0.3.31",
        "Node name for S&R": "CLIPTextEncode"
      },
      "widgets_values": [
        "portrait of a woman,photograph, Impasto, Canon RF, 800mm lens, pale skin, contest winner, RAW photo, deep rich colors, epic atmosphere, detailed, cinematic perfect intricate stunning fine detail, ambient illumination, beautiful, extremely rich detail\n"
      ]
    },
    {
      "id": 25,
      "type": "InfuseNetLoader",
      "pos": [
        -160.8765869140625,
        636.71826171875
      ],
      "size": [
        498.3314514160156,
        65.8797836303711
      ],
      "flags": {},
      "order": 7,
      "mode": 0,
      "inputs": [],
      "outputs": [
        {
          "name": "CONTROL_NET",
          "type": "CONTROL_NET",
          "links": [
            36
          ]
        }
      ],
      "properties": {
        "cnr_id": "infiniteyou",
        "ver": "1.0.0",
        "Node name for S&R": "InfuseNetLoader"
      },
      "widgets_values": [
        "sim_stage1/infusenet_sim_bf16.safetensors"
      ],
      "color": "#432",
      "bgcolor": "#653"
    },
    {
      "id": 31,
      "type": "UltralyticsDetectorProvider",
      "pos": [
        -438.40386962890625,
        -435.85638427734375
      ],
      "size": [
        270,
        78
      ],
      "flags": {},
      "order": 8,
      "mode": 0,
      "inputs": [],
      "outputs": [
        {
          "name": "BBOX_DETECTOR",
          "type": "BBOX_DETECTOR",
          "links": [
            64
          ]
        },
        {
          "name": "SEGM_DETECTOR",
          "type": "SEGM_DETECTOR",
          "links": null
        }
      ],
      "properties": {
        "cnr_id": "comfyui-impact-subpack",
        "ver": "1.3.2",
        "Node name for S&R": "UltralyticsDetectorProvider"
      },
      "widgets_values": [
        "bbox/face_yolov8m.pt"
      ],
      "color": "#322",
      "bgcolor": "#533"
    },
    {
      "id": 32,
      "type": "SAMLoader",
      "pos": [
        -429.6192321777344,
        -292.92822265625
      ],
      "size": [
        270,
        82
      ],
      "flags": {},
      "order": 9,
      "mode": 0,
      "inputs": [],
      "outputs": [
        {
          "name": "SAM_MODEL",
          "type": "SAM_MODEL",
          "links": [
            49
          ]
        }
      ],
      "properties": {
        "cnr_id": "comfyui-impact-pack",
        "ver": "cd34cfdd638a996fd011be1b490c70a7e0fb505f",
        "Node name for S&R": "SAMLoader"
      },
      "widgets_values": [
        "sam_vit_b_01ec64.pth",
        "AUTO"
      ],
      "color": "#322",
      "bgcolor": "#533"
    },
    {
      "id": 11,
      "type": "DualCLIPLoader",
      "pos": [
        -528.2213134765625,
        302.55950927734375
      ],
      "size": [
        315,
        130
      ],
      "flags": {},
      "order": 10,
      "mode": 0,
      "inputs": [],
      "outputs": [
        {
          "name": "CLIP",
          "type": "CLIP",
          "slot_index": 0,
          "links": [
            11,
            12,
            51
          ]
        }
      ],
      "properties": {
        "cnr_id": "comfy-core",
        "ver": "0.3.31",
        "Node name for S&R": "DualCLIPLoader"
      },
      "widgets_values": [
        "t5/t5xxl_fp16.safetensors",
        "clip_l.safetensors",
        "flux",
        "default"
      ]
    },
    {
      "id": 22,
      "type": "IDEmbeddingModelLoader",
      "pos": [
        -521.50732421875,
        494.53265380859375
      ],
      "size": [
        299.416015625,
        170
      ],
      "flags": {},
      "order": 11,
      "mode": 0,
      "inputs": [],
      "outputs": [
        {
          "name": "FACE_DETECTOR",
          "type": "MODEL",
          "links": [
            26,
            68
          ]
        },
        {
          "name": "ARCFACE_MODEL",
          "type": "MODEL",
          "links": [
            27
          ]
        },
        {
          "name": "IMAGE_PROJ_MODEL",
          "type": "MODEL",
          "links": [
            28
          ]
        }
      ],
      "properties": {
        "cnr_id": "infiniteyou",
        "ver": "1.0.0",
        "Node name for S&R": "IDEmbeddingModelLoader"
      },
      "widgets_values": [
        "sim_stage1/image_proj_model.bin",
        8,
        "CUDA",
        "AUTO"
      ],
      "color": "#432",
      "bgcolor": "#653"
    }
  ],
  "links": [
    [
      11,
      11,
      0,
      6,
      0,
      "CLIP"
    ],
    [
      12,
      11,
      0,
      7,
      0,
      "CLIP"
    ],
    [
      13,
      6,
      0,
      12,
      0,
      "CONDITIONING"
    ],
    [
      26,
      22,
      0,
      21,
      0,
      "MODEL"
    ],
    [
      27,
      22,
      1,
      21,
      1,
      "MODEL"
    ],
    [
      28,
      22,
      2,
      21,
      2,
      "MODEL"
    ],
    [
      29,
      23,
      0,
      21,
      3,
      "IMAGE"
    ],
    [
      30,
      21,
      0,
      24,
      2,
      "CONDITIONING"
    ],
    [
      31,
      12,
      0,
      24,
      0,
      "CONDITIONING"
    ],
    [
      32,
      7,
      0,
      24,
      1,
      "CONDITIONING"
    ],
    [
      35,
      14,
      0,
      24,
      5,
      "VAE"
    ],
    [
      36,
      25,
      0,
      24,
      3,
      "CONTROL_NET"
    ],
    [
      41,
      24,
      0,
      28,
      5,
      "CONDITIONING"
    ],
    [
      42,
      24,
      1,
      28,
      6,
      "CONDITIONING"
    ],
    [
      43,
      14,
      0,
      28,
      4,
      "VAE"
    ],
    [
      45,
      28,
      0,
      20,
      0,
      "IMAGE"
    ],
    [
      49,
      32,
      0,
      29,
      2,
      "SAM_MODEL"
    ],
    [
      51,
      11,
      0,
      28,
      3,
      "CLIP"
    ],
    [
      53,
      34,
      0,
      29,
      1,
      "IMAGE"
    ],
    [
      54,
      34,
      0,
      28,
      0,
      "IMAGE"
    ],
    [
      55,
      30,
      0,
      34,
      0,
      "IMAGE"
    ],
    [
      63,
      29,
      0,
      28,
      1,
      "SEGS"
    ],
    [
      64,
      31,
      0,
      29,
      0,
      "BBOX_DETECTOR"
    ],
    [
      66,
      29,
      0,
      40,
      0,
      "SEGS"
    ],
    [
      68,
      22,
      0,
      39,
      0,
      "MODEL"
    ],
    [
      70,
      39,
      0,
      41,
      0,
      "IMAGE"
    ],
    [
      74,
      42,
      0,
      39,
      2,
      "INT"
    ],
    [
      75,
      42,
      1,
      39,
      3,
      "INT"
    ],
    [
      76,
      42,
      0,
      43,
      0,
      "INT"
    ],
    [
      77,
      42,
      1,
      43,
      1,
      "INT"
    ],
    [
      80,
      43,
      0,
      24,
      4,
      "IMAGE"
    ],
    [
      82,
      40,
      0,
      42,
      0,
      "IMAGE"
    ],
    [
      83,
      40,
      0,
      39,
      1,
      "IMAGE"
    ],
    [
      84,
      48,
      0,
      47,
      0,
      "MODEL"
    ],
    [
      85,
      47,
      0,
      28,
      2,
      "MODEL"
    ]
  ],
  "groups": [
    {
      "id": 1,
      "title": "Group",
      "bounding": [
        -553.6423950195312,
        205.95431518554688,
        914.6814575195312,
        859.4487915039062
      ],
      "color": "#3f789e",
      "font_size": 24,
      "flags": {}
    }
  ],
  "config": {},
  "extra": {
    "ds": {
      "scale": 1,
      "offset": [
        636.2006734059802,
        508.13720676046484
      ]
    },
    "frontendVersion": "1.18.6",
    "VHS_latentpreview": false,
    "VHS_latentpreviewrate": 0,
    "VHS_MetadataImage": true,
    "VHS_KeepIntermediate": true
  },
  "version": 0.4
}