{
  "id": "c1a3d0d1-f0cb-4369-83ae-273696df248c",
  "revision": 0,
  "last_node_id": 117,
  "last_link_id": 192,
  "nodes": [
    {
      "id": 110,
      "type": "ExtractIDEmbedding",
      "pos": [
        -565.7846069335938,
        778.5155639648438
      ],
      "size": [
        367.79998779296875,
        86
      ],
      "flags": {},
      "order": 13,
      "mode": 0,
      "inputs": [
        {
          "name": "face_detector",
          "type": "MODEL",
          "link": 172
        },
        {
          "name": "arcface_model",
          "type": "MODEL",
          "link": 173
        },
        {
          "name": "image_proj_model",
          "type": "MODEL",
          "link": 174
        },
        {
          "name": "image",
          "type": "IMAGE",
          "link": 175
        }
      ],
      "outputs": [
        {
          "name": "CONDITIONING",
          "type": "CONDITIONING",
          "links": [
            176
          ]
        }
      ],
      "properties": {
        "cnr_id": "infiniteyou",
        "ver": "1.0.0",
        "Node name for S&R": "ExtractIDEmbedding"
      },
      "widgets_values": []
    },
    {
      "id": 44,
      "type": "VAEDecode",
      "pos": [
        315.2570495605469,
        300.6652526855469
      ],
      "size": [
        210,
        46
      ],
      "flags": {
        "collapsed": true
      },
      "order": 17,
      "mode": 0,
      "inputs": [
        {
          "name": "samples",
          "type": "LATENT",
          "link": 58
        },
        {
          "name": "vae",
          "type": "VAE",
          "link": 59
        }
      ],
      "outputs": [
        {
          "name": "IMAGE",
          "type": "IMAGE",
          "slot_index": 0,
          "links": [
            60
          ]
        }
      ],
      "properties": {
        "cnr_id": "comfy-core",
        "ver": "0.3.31",
        "Node name for S&R": "VAEDecode"
      },
      "widgets_values": []
    },
    {
      "id": 43,
      "type": "EmptyLatentImage",
      "pos": [
        -138.02438354492188,
        463.6690368652344
      ],
      "size": [
        242.7444610595703,
        106
      ],
      "flags": {
        "collapsed": false
      },
      "order": 0,
      "mode": 0,
      "inputs": [],
      "outputs": [
        {
          "name": "LATENT",
          "type": "LATENT",
          "slot_index": 0,
          "links": [
            66
          ]
        }
      ],
      "properties": {
        "cnr_id": "comfy-core",
        "ver": "0.3.31",
        "Node name for S&R": "EmptyLatentImage"
      },
      "widgets_values": [
        864,
        1152,
        1
      ]
    },
    {
      "id": 48,
      "type": "DualCLIPLoader",
      "pos": [
        -1127.473388671875,
        268.5471496582031
      ],
      "size": [
        356.2766418457031,
        130
      ],
      "flags": {},
      "order": 1,
      "mode": 0,
      "inputs": [],
      "outputs": [
        {
          "name": "CLIP",
          "type": "CLIP",
          "slot_index": 0,
          "links": [
            93,
            94
          ]
        }
      ],
      "properties": {
        "cnr_id": "comfy-core",
        "ver": "0.3.31",
        "Node name for S&R": "DualCLIPLoader"
      },
      "widgets_values": [
        "t5/t5xxl_fp16.safetensors",
        "clip_l.safetensors",
        "flux",
        "default"
      ]
    },
    {
      "id": 46,
      "type": "VAELoader",
      "pos": [
        -128.3144073486328,
        269.4505615234375
      ],
      "size": [
        210,
        58
      ],
      "flags": {},
      "order": 2,
      "mode": 0,
      "inputs": [],
      "outputs": [
        {
          "name": "VAE",
          "type": "VAE",
          "slot_index": 0,
          "links": [
            59,
            137,
            161,
            170
          ]
        }
      ],
      "properties": {
        "cnr_id": "comfy-core",
        "ver": "0.3.31",
        "Node name for S&R": "VAELoader"
      },
      "widgets_values": [
        "ae.safetensors"
      ]
    },
    {
      "id": 97,
      "type": "LoadImage",
      "pos": [
        -1235.22216796875,
        933.0930786132812
      ],
      "size": [
        315,
        314
      ],
      "flags": {},
      "order": 3,
      "mode": 0,
      "inputs": [],
      "outputs": [
        {
          "name": "IMAGE",
          "type": "IMAGE",
          "links": [
            139,
            144,
            167,
            175
          ]
        },
        {
          "name": "MASK",
          "type": "MASK",
          "links": null
        }
      ],
      "title": "Load ID Image",
      "properties": {
        "cnr_id": "comfy-core",
        "ver": "0.3.31",
        "Node name for S&R": "LoadImage"
      },
      "widgets_values": [
        "generation-f3ffef68-5ed2-4e5a-871e-e941d994bed5.png",
        "image"
      ]
    },
    {
      "id": 45,
      "type": "SaveImage",
      "pos": [
        668.8138427734375,
        288.35491943359375
      ],
      "size": [
        688.4625244140625,
        863.3844604492188
      ],
      "flags": {
        "collapsed": false
      },
      "order": 18,
      "mode": 0,
      "inputs": [
        {
          "name": "images",
          "type": "IMAGE",
          "link": 60
        }
      ],
      "outputs": [],
      "properties": {
        "cnr_id": "comfy-core",
        "ver": "0.3.31",
        "Node name for S&R": "SaveImage"
      },
      "widgets_values": [
        "ComfyUI"
      ]
    },
    {
      "id": 92,
      "type": "PrimitiveNode",
      "pos": [
        -140.0155487060547,
        623.6337890625
      ],
      "size": [
        268.72747802734375,
        82
      ],
      "flags": {
        "collapsed": false
      },
      "order": 4,
      "mode": 0,
      "inputs": [],
      "outputs": [
        {
          "name": "INT",
          "type": "INT",
          "widget": {
            "name": "seed"
          },
          "links": [
            127
          ]
        }
      ],
      "title": "seed",
      "properties": {
        "Run widget replace on values": false
      },
      "widgets_values": [
        999999,
        "fixed"
      ]
    },
    {
      "id": 50,
      "type": "CLIPTextEncodeFlux",
      "pos": [
        -651.9734497070312,
        154.31309509277344
      ],
      "size": [
        357.9499816894531,
        361.7095031738281
      ],
      "flags": {},
      "order": 10,
      "mode": 0,
      "inputs": [
        {
          "name": "clip",
          "type": "CLIP",
          "link": 93
        }
      ],
      "outputs": [
        {
          "name": "CONDITIONING",
          "type": "CONDITIONING",
          "slot_index": 0,
          "links": [
            64,
            133,
            169
          ]
        }
      ],
      "properties": {
        "cnr_id": "comfy-core",
        "ver": "0.3.31",
        "Node name for S&R": "CLIPTextEncodeFlux"
      },
      "widgets_values": [
        "A fantasy character portrait, mythical setting, magical forest background, glowing aura, detailed fantasy clothing, Portrait, 4K, high quality, cinematic",
        "A fantasy character portrait, mythical setting, magical forest background, glowing aura, detailed fantasy clothing, Portrait, 4K, high quality, cinematic",
        3.5
      ]
    },
    {
      "id": 109,
      "type": "InfuseNetApply",
      "pos": [
        278.14422607421875,
        803.1834716796875
      ],
      "size": [
        315,
        206
      ],
      "flags": {},
      "order": 15,
      "mode": 0,
      "inputs": [
        {
          "name": "positive",
          "type": "CONDITIONING",
          "link": 169
        },
        {
          "name": "negative",
          "type": "CONDITIONING",
          "link": 159
        },
        {
          "name": "id_embedding",
          "type": "CONDITIONING",
          "link": 176
        },
        {
          "name": "control_net",
          "type": "CONTROL_NET",
          "link": 166
        },
        {
          "name": "image",
          "type": "IMAGE",
          "link": 192
        },
        {
          "name": "vae",
          "shape": 7,
          "type": "VAE",
          "link": 170
        }
      ],
      "outputs": [
        {
          "name": "positive",
          "type": "CONDITIONING",
          "links": [
            163
          ]
        },
        {
          "name": "negative",
          "type": "CONDITIONING",
          "links": [
            164
          ]
        }
      ],
      "properties": {
        "cnr_id": "infiniteyou",
        "ver": "1.0.0",
        "Node name for S&R": "InfuseNetApply"
      },
      "widgets_values": [
        1,
        0.010000000000000002,
        1
      ]
    },
    {
      "id": 107,
      "type": "LoadImage",
      "pos": [
        -662.1378173828125,
        1264.33349609375
      ],
      "size": [
        315,
        314.00006103515625
      ],
      "flags": {},
      "order": 5,
      "mode": 0,
      "inputs": [],
      "outputs": [
        {
          "name": "IMAGE",
          "type": "IMAGE",
          "links": [
            190
          ]
        },
        {
          "name": "MASK",
          "type": "MASK",
          "links": null
        }
      ],
      "title": "Load Control Image",
      "properties": {
        "cnr_id": "comfy-core",
        "ver": "0.3.31",
        "Node name for S&R": "LoadImage"
      },
      "widgets_values": [
        "Screenshot 2025-05-05 at 13.27.06.png",
        "image"
      ]
    },
    {
      "id": 51,
      "type": "KSampler",
      "pos": [
        273.0569763183594,
        445.7882995605469
      ],
      "size": [
        230,
        262
      ],
      "flags": {},
      "order": 16,
      "mode": 0,
      "inputs": [
        {
          "name": "model",
          "type": "MODEL",
          "link": 185
        },
        {
          "name": "positive",
          "type": "CONDITIONING",
          "link": 163
        },
        {
          "name": "negative",
          "type": "CONDITIONING",
          "link": 164
        },
        {
          "name": "latent_image",
          "type": "LATENT",
          "link": 66
        },
        {
          "name": "seed",
          "type": "INT",
          "widget": {
            "name": "seed"
          },
          "link": 127
        }
      ],
      "outputs": [
        {
          "name": "LATENT",
          "type": "LATENT",
          "slot_index": 0,
          "links": [
            58
          ]
        }
      ],
      "properties": {
        "cnr_id": "comfy-core",
        "ver": "0.3.31",
        "Node name for S&R": "KSampler"
      },
      "widgets_values": [
        999999,
        "fixed",
        30,
        1,
        "euler",
        "beta",
        1
      ]
    },
    {
      "id": 47,
      "type": "UNETLoader",
      "pos": [
        -1120.4881591796875,
        68.64945220947266
      ],
      "size": [
        270,
        82
      ],
      "flags": {
        "collapsed": false
      },
      "order": 6,
      "mode": 0,
      "inputs": [],
      "outputs": [
        {
          "name": "MODEL",
          "type": "MODEL",
          "slot_index": 0,
          "links": [
            149,
            185
          ]
        }
      ],
      "properties": {
        "cnr_id": "comfy-core",
        "ver": "0.3.31",
        "Node name for S&R": "UNETLoader"
      },
      "widgets_values": [
        "flux1-dev.safetensors",
        "fp8_e4m3fn_fast"
      ]
    },
    {
      "id": 52,
      "type": "CLIPTextEncode",
      "pos": [
        -627.84521484375,
        577.4561157226562
      ],
      "size": [
        397.7880859375,
        150.98748779296875
      ],
      "flags": {
        "collapsed": true
      },
      "order": 11,
      "mode": 0,
      "inputs": [
        {
          "name": "clip",
          "type": "CLIP",
          "link": 94
        }
      ],
      "outputs": [
        {
          "name": "CONDITIONING",
          "type": "CONDITIONING",
          "slot_index": 0,
          "links": [
            65,
            132,
            159
          ]
        }
      ],
      "title": "CLIP Text Encode (EMPTY)",
      "properties": {
        "cnr_id": "comfy-core",
        "ver": "0.3.31",
        "Node name for S&R": "CLIPTextEncode"
      },
      "widgets_values": [
        ""
      ]
    },
    {
      "id": 102,
      "type": "IDEmbeddingModelLoader",
      "pos": [
        -1277.6195068359375,
        674.3200073242188
      ],
      "size": [
        374.6639709472656,
        170.36888122558594
      ],
      "flags": {
        "collapsed": false
      },
      "order": 7,
      "mode": 0,
      "inputs": [],
      "outputs": [
        {
          "name": "FACE_DETECTOR",
          "type": "MODEL",
          "links": [
            140,
            172,
            189
          ]
        },
        {
          "name": "ARCFACE_MODEL",
          "type": "MODEL",
          "links": [
            141,
            173
          ]
        },
        {
          "name": "IMAGE_PROJ_MODEL",
          "type": "MODEL",
          "links": [
            142,
            174
          ]
        }
      ],
      "properties": {
        "cnr_id": "infiniteyou",
        "ver": "1.0.0",
        "Node name for S&R": "IDEmbeddingModelLoader"
      },
      "widgets_values": [
        "sim_stage1/image_proj_model.bin",
        8,
        "CUDA",
        "AUTO"
      ]
    },
    {
      "id": 108,
      "type": "InfuseNetLoader",
      "pos": [
        -331.7549743652344,
        876.8558959960938
      ],
      "size": [
        453.6891174316406,
        70.89452362060547
      ],
      "flags": {},
      "order": 8,
      "mode": 0,
      "inputs": [],
      "outputs": [
        {
          "name": "CONTROL_NET",
          "type": "CONTROL_NET",
          "links": [
            157,
            166
          ]
        }
      ],
      "properties": {
        "cnr_id": "infiniteyou",
        "ver": "1.0.0",
        "Node name for S&R": "InfuseNetLoader"
      },
      "widgets_values": [
        "sim_stage1/infusenet_sim_bf16.safetensors"
      ]
    },
    {
      "id": 117,
      "type": "PreviewImage",
      "pos": [
        221.570068359375,
        1340.7684326171875
      ],
      "size": [
        204.59451293945312,
        246
      ],
      "flags": {},
      "order": 14,
      "mode": 0,
      "inputs": [
        {
          "name": "images",
          "type": "IMAGE",
          "link": 187
        }
      ],
      "outputs": [],
      "properties": {
        "cnr_id": "comfy-core",
        "ver": "0.3.31",
        "Node name for S&R": "PreviewImage"
      },
      "widgets_values": []
    },
    {
      "id": 106,
      "type": "ExtractFacePoseImage",
      "pos": [
        -194.163330078125,
        1261.6585693359375
      ],
      "size": [
        315,
        102
      ],
      "flags": {},
      "order": 12,
      "mode": 0,
      "inputs": [
        {
          "name": "face_detector",
          "type": "MODEL",
          "link": 189
        },
        {
          "name": "image",
          "type": "IMAGE",
          "link": 190
        }
      ],
      "outputs": [
        {
          "name": "IMAGE",
          "type": "IMAGE",
          "links": [
            156,
            187
          ]
        }
      ],
      "properties": {
        "cnr_id": "infiniteyou",
        "ver": "1.0.0",
        "Node name for S&R": "ExtractFacePoseImage"
      },
      "widgets_values": [
        864,
        1152
      ]
    },
    {
      "id": 105,
      "type": "EmptyImage",
      "pos": [
        -279.9830017089844,
        1033.4366455078125
      ],
      "size": [
        315,
        130
      ],
      "flags": {
        "collapsed": false
      },
      "order": 9,
      "mode": 0,
      "inputs": [],
      "outputs": [
        {
          "name": "IMAGE",
          "type": "IMAGE",
          "links": [
            178,
            192
          ]
        }
      ],
      "title": "Empty Pose Image",
      "properties": {
        "cnr_id": "comfy-core",
        "ver": "0.3.31",
        "Node name for S&R": "EmptyImage"
      },
      "widgets_values": [
        864,
        1152,
        1,
        0
      ]
    }
  ],
  "links": [
    [
      58,
      51,
      0,
      44,
      0,
      "LATENT"
    ],
    [
      59,
      46,
      0,
      44,
      1,
      "VAE"
    ],
    [
      60,
      44,
      0,
      45,
      0,
      "IMAGE"
    ],
    [
      66,
      43,
      0,
      51,
      3,
      "LATENT"
    ],
    [
      93,
      48,
      0,
      50,
      0,
      "CLIP"
    ],
    [
      94,
      48,
      0,
      52,
      0,
      "CLIP"
    ],
    [
      127,
      92,
      0,
      51,
      4,
      "INT"
    ],
    [
      159,
      52,
      0,
      109,
      1,
      "CONDITIONING"
    ],
    [
      163,
      109,
      0,
      51,
      1,
      "CONDITIONING"
    ],
    [
      164,
      109,
      1,
      51,
      2,
      "CONDITIONING"
    ],
    [
      166,
      108,
      0,
      109,
      3,
      "CONTROL_NET"
    ],
    [
      169,
      50,
      0,
      109,
      0,
      "CONDITIONING"
    ],
    [
      170,
      46,
      0,
      109,
      5,
      "VAE"
    ],
    [
      172,
      102,
      0,
      110,
      0,
      "MODEL"
    ],
    [
      173,
      102,
      1,
      110,
      1,
      "MODEL"
    ],
    [
      174,
      102,
      2,
      110,
      2,
      "MODEL"
    ],
    [
      175,
      97,
      0,
      110,
      3,
      "IMAGE"
    ],
    [
      176,
      110,
      0,
      109,
      2,
      "CONDITIONING"
    ],
    [
      185,
      47,
      0,
      51,
      0,
      "MODEL"
    ],
    [
      187,
      106,
      0,
      117,
      0,
      "IMAGE"
    ],
    [
      189,
      102,
      0,
      106,
      0,
      "MODEL"
    ],
    [
      190,
      107,
      0,
      106,
      1,
      "IMAGE"
    ],
    [
      192,
      105,
      0,
      109,
      4,
      "IMAGE"
    ]
  ],
  "groups": [],
  "config": {},
  "extra": {
    "ds": {
      "scale": 0.7400249944258194,
      "offset": [
        200.0131474204373,
        -822.1792503747772
      ]
    },
    "frontendVersion": "1.18.6"
  },
  "version": 0.4
}